,weight_diff_layer1,weight_diff_layer2
0,130.4647216796875,2.367525577545166
1,129.1886749267578,2.347057342529297
2,134.74969482421875,2.3396267890930176
3,129.59274291992188,2.349395275115967
