,client_list,iter_list,train_losses,train_ce_losses,test_losses,test_accuracy_list
0,1,0,0.050199090560277305,0.0,2.987264980316162,9.85
1,2,0,13.895643706003824,13.109886545499165,1.9034014770507812,44.57
2,1,1,0.04859617908795675,2.5431315104166668e-08,1.8361630363464356,45.02
3,2,1,4.794946412404379,4.570998112042745,2.000817143249512,38.94
